"","Female Dog Names","Male Dog Names"
"1","Abby","Abe"
"2","Addie","Abbott"
"3","Alexis","Ace"
"4","Alice","Aero"
"5","Allie","Aiden"
"6","Alyssa","AJ"
"7","Amber","Albert"
"8","Angel","Alden"
"9","Anna","Alex"
"10","Annie","Alfie"
"11","Ariel","Alvin"
"12","Ashley","Amos"
"13","Aspen","Andy"
"14","Athena","Angus"
"15","Autumn","Apollo"
"16","Ava","Archie"
"17","Avery","Aries"
"18","Baby","Artie"
"19","Bailey","Ash"
"20","Basil","Austin"
"21","Bean","Axel"
"22","Bella","Bailey"
"23","Belle","Bandit"
"24","Betsy","Barkley"
"25","Betty","Barney"
"26","Bianca","Baron"
"27","Birdie","Baxter"
"28","Biscuit","Bear"
"29","Blondie","Beau"
"30","Blossom","Benji"
"31","Bonnie","Benny"
"32","Brandy","Bentley"
"33","Brooklyn","Billy"
"34","Brownie","Bingo"
"35","Buffy","Blake"
"36","Callie","Blaze"
"37","Camilla","Blue"
"38","Candy","Bo"
"39","Carla","Boomer"
"40","Carly","Brady"
"41","Carmela","Brody"
"42","Casey","Brownie"
"43","Cassie","Bruce"
"44","Chance","Bruno"
"45","Chanel","Brutus"
"46","Chloe","Bubba"
"47","Cinnamon","Buck"
"48","Cleo","Buddy"
"49","Coco","Buster"
"50","Cookie","Butch"
"51","Cricket","Buzz"
"52","Daisy","Cain"
"53","Dakota","Captain"
"54","Dana","Carter"
"55","Daphne","Cash"
"56","Darla","Casper"
"57","Darlene","Champ"
"58","Delia","Chance"
"59","Delilah","Charlie"
"60","Destiny","Chase"
"61","Diamond","Chester"
"62","Diva","Chewy"
"63","Dixie","Chico"
"64","Dolly","Chief"
"65","Duchess","Chip"
"66","Eden","CJ"
"67","Edie","Clifford"
"68","Ella","Clyde"
"69","Ellie","Coco"
"70","Elsa","Cody"
"71","Emma","Colby"
"72","Emmy","Cooper"
"73","Eva","Copper"
"74","Faith","Damien"
"75","Fanny","Dane"
"76","Fern","Dante"
"77","Fiona","Denver"
"78","Foxy","Dexter"
"79","Gabby","Diego"
"80","Gemma","Diesel"
"81","Georgia","Dodge"
"82","Gia","Drew"
"83","Gidget","Duke"
"84","Gigi","Dylan"
"85","Ginger","Eddie"
"86","Goldie","Eli"
"87","Grace","Elmer"
"88","Gracie","Emmett"
"89","Greta","Evan"
"90","Gypsy","Felix"
"91","Hailey","Finn"
"92","Hannah","Fisher"
"93","Harley","Flash"
"94","Harper","Frankie"
"95","Hazel","Freddy"
"96","Heidi","Fritz"
"97","Hershey","Gage"
"98","Holly","George"
"99","Honey","Gizmo"
"100","Hope","Goose"
"101","Ibby","Gordie"
"102","Inez","Griffin"
"103","Isabella","Gunner"
"104","Ivy","Gus"
"105","Izzy","Hank"
"106","Jackie","Harley"
"107","Jada","Harvey"
"108","Jade","Hawkeye"
"109","Jasmine","Henry"
"110","Jenna","Hoss"
"111","Jersey","Huck"
"112","Jessie","Hunter"
"113","Jill","Iggy"
"114","Josie","Ivan"
"115","Julia","Jack"
"116","Juliet","Jackson"
"117","Juno","Jake"
"118","Kali","Jasper"
"119","Kallie","Jax"
"120","Karma","Jesse"
"121","Kate","Joey"
"122","Katie","Johnny"
"123","Kayla","Judge"
"124","Kelsey","Kane"
"125","Khloe","King"
"126","Kiki","Kobe"
"127","Kira","Koda"
"128","Koko","Lenny"
"129","Kona","Leo"
"130","Lacy","Leroy"
"131","Lady","Levi"
"132","Layla","Lewis"
"133","Leia","Logan"
"134","Lena","Loki"
"135","Lexi","Louie"
"136","Libby","Lucky"
"137","Liberty","Luke"
"138","Lily","Marley"
"139","Lizzy","Marty"
"140","Lola","Maverick"
"141","London","Max"
"142","Lucky","Maximus"
"143","Lulu","Mickey"
"144","Luna","Miles"
"145","Mabel","Milo"
"146","Mackenzie","Moe"
"147","Macy","Moose"
"148","Maddie","Morris"
"149","Madison","Murphy"
"150","Maggie","Ned"
"151","Maisy","Nelson"
"152","Mandy","Nero"
"153","Marley","Nico"
"154","Matilda","Noah"
"155","Mattie","Norm"
"156","Maya","Oakley"
"157","Mia","Odie"
"158","Mika","Odin"
"159","Mila","Oliver"
"160","Miley","Ollie"
"161","Millie","Oreo"
"162","Mimi","Oscar"
"163","Minnie","Otis"
"164","Missy","Otto"
"165","Misty","Ozzy"
"166","Mitzi","Pablo"
"167","Mocha","Parker"
"168","Molly","Peanut"
"169","Morgan","Pepper"
"170","Moxie","Petey"
"171","Muffin","Porter"
"172","Mya","Prince"
"173","Nala","Quincy"
"174","Nell","Radar"
"175","Nellie","Ralph"
"176","Nikki","Rambo"
"177","Nina","Ranger"
"178","Noel","Rascal"
"179","Nola","Rebel"
"180","Nori","Reese"
"181","Olive","Reggie"
"182","Olivia","Remy"
"183","Oreo","Rex"
"184","Paisley","Ricky"
"185","Pandora","Rider"
"186","Paris","Riley"
"187","Peaches","Ringo"
"188","Peanut","Rocco"
"189","Pearl","Rockwell"
"190","Pebbles","Rocky"
"191","Penny","Romeo"
"192","Pepper","Rosco"
"193","Phoebe","Rudy"
"194","Piper","Rufus"
"195","Pippa","Rusty"
"196","Pixie","Sam"
"197","Polly","Sammy"
"198","Poppy","Samson"
"199","Precious","Sarge"
"200","Princess","Sawyer"
"201","Priscilla","Scooby"
"202","Raven","Scooter"
"203","Reese","Scout"
"204","Riley","Scrappy"
"205","Rose","Shadow"
"206","Rosie","Shamus"
"207","Roxy","Shiloh"
"208","Ruby","Simba"
"209","Sadie","Simon"
"210","Sage","Smoky"
"211","Sally","Snoopy"
"212","Sam","Sparky"
"213","Samantha","Spencer"
"214","Sammie","Spike"
"215","Sandy","Spot"
"216","Sasha","Stanley"
"217","Sassy","Stewie"
"218","Savannah","Storm"
"219","Scarlet","Taco"
"220","Shadow","Tank"
"221","Sheba","Taz"
"222","Shelby","Teddy"
"223","Shiloh","Tesla"
"224","Sierra","Theo"
"225","Sissy","Thor"
"226","Sky","Titus"
"227","Smokey","TJ"
"228","Snickers","Toby"
"229","Sophia","Trapper"
"230","Sophie","Tripp"
"231","Star","Tucker"
"232","Stella","Tyler"
"233","Sugar","Tyson"
"234","Suki","Vince"
"235","Summer","Vinnie"
"236","Sunny","Wally"
"237","Sweetie","Walter"
"238","Sydney","Watson"
"239","Tasha","Willy"
"240","Tessa","Winston"
"241","Tilly","Woody"
"242","Tootsie","Wrigley"
"243","Trixie","Wyatt"
"244","Violet","Yogi"
"245","Willow","Yoshi"
"246","Winnie","Yukon"
"247","Xena","Zane"
"248","Zelda","Zeus"
"249","Zoe","Ziggy"
